{
    "comp_discharge_pressure": {
        "1": 4975450.476480451,
        "2": 4089668.1298832004
    },
    "comp_flow_in": {
        "1": 96.55384541165512,
        "2": 34.74324118560626
    },
    "comp_flow_out": {
        "1": 96.55384541165512,
        "2": 34.74324118560626
    },
    "comp_inlet_pressure": {
        "1": 4000000.0,
        "2": 3366200.338618549
    },
    "comp_power": {
        "1": 2999999.9511236493,
        "2": 959736.3869089757
    },
    "comp_ratio": {
        "1": 1.2438757313674758,
        "2": 1.214923646467632
    },
    "gnode_demand_flows": {
        "1": 30.0,
        "2": 40.0,
        "3": 20.0,
        "4": 0.0,
        "5": 6.553726340713192
    },
    "gnode_supply_flows": {
        "1": 0.0,
        "2": 0.0,
        "3": 0.0,
        "4": 0.0,
        "5": 0.0
    },
    "nodal_pressure": {
        "1": 4000000.0,
        "2": 3366200.338618549,
        "3": 3000000.1943138796,
        "4": 3734221.5736274696,
        "5": 4975450.476480451,
        "6": 4089668.1298832004
    },
    "non_slack_node_flows": {
        "2": 30.0,
        "3": 40.0,
        "4": 26.55372634071319,
        "5": 0.0,
        "6": 0.0
    },
    "pipe_flow_in": {
        "1": 96.55384541165512,
        "2": 31.810552784953746,
        "3": 34.74324118560626,
        "4": -8.189436881808533
    },
    "pipe_flow_out": {
        "1": 96.55384541165512,
        "2": 31.810552784953746,
        "3": 34.74324118560626,
        "4": -8.189436881808533
    },
    "pipe_pressure_in": {
        "1": 4975450.476480451,
        "2": 3366200.338618549,
        "3": 4089668.1298832004,
        "4": 3000000.1943138796
    },
    "pipe_pressure_out": {
        "1": 3366200.338618549,
        "2": 3000000.1943138796,
        "3": 3734221.5736274696,
        "4": 3734221.5736274696
    },
    "slack_node_flows": {
        "1": 96.55384541165512
    },
    "units (SI=0, standard=1)": 0
}
