{
    "comp_discharge_pressure": {
        "1": 4968152.051084646,
        "2": 4684569.425487763
    },
    "comp_flow_in": {
        "1": 97.22813394614337,
        "2": 47.52968943076524
    },
    "comp_flow_out": {
        "1": 97.22813394614337,
        "2": 47.52968943076524
    },
    "comp_inlet_pressure": {
        "1": 4000000.0,
        "2": 3515698.7419831776
    },
    "comp_power": {
        "1": 2999996.661039364,
        "2": 1961738.1525371121
    },
    "comp_ratio": {
        "1": 1.2420513283144872,
        "2": 1.3324608145399195
    },
    "gnode_demand_flows": {
        "1": 4.488091055064821,
        "2": 40.0,
        "3": 20.0,
        "4": 0.0,
        "5": 0.0
    },
    "gnode_supply_flows": {
        "1": 0.0,
        "2": 0.0,
        "3": 0.0,
        "4": 0.0,
        "5": 0.0
    },
    "nodal_pressure": {
        "1": 4000000.0,
        "2": 3515698.7419831776,
        "3": 3000000.4669882436,
        "4": 4298691.122177742,
        "5": 4968152.051084646,
        "6": 4684569.425487763
    },
    "non_slack_node_flows": {
        "2": 6.78809105506482,
        "3": 49.53,
        "4": 27.45,
        "5": 4.72,
        "6": 8.74
    },
    "pipe_flow_in": {
        "1": 92.50813394614336,
        "2": 38.190353460313304,
        "3": 38.789689430765236,
        "4": -11.339616351061489
    },
    "pipe_flow_out": {
        "1": 92.50813394614336,
        "2": 38.190353460313304,
        "3": 38.789689430765236,
        "4": -11.339616351061489
    },
    "pipe_pressure_in": {
        "1": 4968152.051084646,
        "2": 3515698.7419831776,
        "3": 4684569.425487763,
        "4": 3000000.4669882436
    },
    "pipe_pressure_out": {
        "1": 3515698.7419831776,
        "2": 3000000.4669882436,
        "3": 4298691.122177742,
        "4": 4298691.122177742
    },
    "slack_node_flows": {
        "1": 97.22813394614336
    },
    "units (SI=0, standard=1)": 0
}
