{
    "comp_discharge_pressure": {
        "1": 4917513.69870609,
        "2": 4630518.338570576
    },
    "comp_flow_in": {
        "1": 102.20173125914417,
        "2": 36.315946685035065
    },
    "comp_flow_out": {
        "1": 102.20173125914417,
        "2": 36.315946685035065
    },
    "comp_inlet_pressure": {
        "1": 4000000.0,
        "2": 3430033.9700639145
    },
    "comp_power": {
        "1": 2999999.1568673938,
        "2": 1570141.9208685437
    },
    "comp_ratio": {
        "1": 1.2293932888574213,
        "2": 1.3499943008224997
    },
    "gnode_demand_flows": {
        "1": 19.411657138385376,
        "2": 40.0,
        "3": 20.0,
        "4": 0.0,
        "5": 2.8419919948613964e-05
    },
    "gnode_supply_flows": {
        "1": 0.0,
        "2": 0.0,
        "3": 0.0,
        "4": 0.0,
        "5": 0.0
    },
    "nodal_pressure": {
        "1": 4000000.0,
        "2": 3430033.9700639145,
        "3": 3000000.406709332,
        "4": 4305874.705414798,
        "5": 4917513.69870609,
        "6": 4630518.338570576
    },
    "non_slack_node_flows": {
        "2": 21.901657138385378,
        "3": 46.019999999999996,
        "4": 24.11002841991995,
        "5": 9.34,
        "6": 0.83
    },
    "pipe_flow_in": {
        "1": 92.86173125914416,
        "2": 34.644127435723725,
        "3": 35.48594668503505,
        "4": -11.375843933219167
    },
    "pipe_flow_out": {
        "1": 92.86173125914416,
        "2": 34.644127435723725,
        "3": 35.48594668503505,
        "4": -11.375843933219167
    },
    "pipe_pressure_in": {
        "1": 4917513.69870609,
        "2": 3430033.9700639145,
        "3": 4630518.338570576,
        "4": 3000000.406709332
    },
    "pipe_pressure_out": {
        "1": 3430033.9700639145,
        "2": 3000000.406709332,
        "3": 4305874.705414798,
        "4": 4305874.705414798
    },
    "slack_node_flows": {
        "1": 102.20173125914415
    },
    "units (SI=0, standard=1)": 0
}
