{
    "comp_discharge_pressure": {
        "1": 4952692.095531564,
        "2": 4318389.695850418
    },
    "comp_flow_in": {
        "1": 98.69074880058386,
        "2": 37.80820169414948
    },
    "comp_flow_out": {
        "1": 98.69074880058386,
        "2": 37.80820169414948
    },
    "comp_inlet_pressure": {
        "1": 4000000.0,
        "2": 3341339.433561667
    },
    "comp_power": {
        "1": 2999998.790092747,
        "2": 1388436.360293559
    },
    "comp_ratio": {
        "1": 1.2381867858892814,
        "2": 1.2924123696330025
    },
    "gnode_demand_flows": {
        "1": 24.220690566419524,
        "2": 40.0,
        "3": 20.0,
        "4": 0.0,
        "5": 0.0
    },
    "gnode_supply_flows": {
        "1": 0.0,
        "2": 0.0,
        "3": 0.0,
        "4": 0.0,
        "5": 0.0
    },
    "nodal_pressure": {
        "1": 4000000.0,
        "2": 3341339.433561667,
        "3": 3000000.42293225,
        "4": 4016876.7531475374,
        "5": 4952692.095531564,
        "6": 4318389.695850418
    },
    "non_slack_node_flows": {
        "2": 27.880690566419524,
        "3": 40.489999999999995,
        "4": 23.189999999999998,
        "5": 2.35,
        "6": 4.78
    },
    "pipe_flow_in": {
        "1": 96.34074880058385,
        "2": 30.65185654001487,
        "3": 33.02820169414948,
        "4": -9.838129595353202
    },
    "pipe_flow_out": {
        "1": 96.34074880058385,
        "2": 30.65185654001487,
        "3": 33.02820169414948,
        "4": -9.838129595353202
    },
    "pipe_pressure_in": {
        "1": 4952692.095531564,
        "2": 3341339.433561667,
        "3": 4318389.695850418,
        "4": 3000000.42293225
    },
    "pipe_pressure_out": {
        "1": 3341339.433561667,
        "2": 3000000.42293225,
        "3": 4016876.7531475374,
        "4": 4016876.7531475374
    },
    "slack_node_flows": {
        "1": 98.69074880058386
    },
    "units (SI=0, standard=1)": 0
}
