{
    "comp_discharge_pressure": {
        "1": 4924507.252004075,
        "2": 4599354.8553342745
    },
    "comp_flow_in": {
        "1": 101.48248868558291,
        "2": 44.63509809411767
    },
    "comp_flow_out": {
        "1": 101.48248868558291,
        "2": 44.63509809411767
    },
    "comp_inlet_pressure": {
        "1": 4000000.0,
        "2": 3440803.8926401776
    },
    "comp_power": {
        "1": 2999997.776023781,
        "2": 1863515.8813534623
    },
    "comp_ratio": {
        "1": 1.2311414478824825,
        "2": 1.3367008528605522
    },
    "gnode_demand_flows": {
        "1": 5.032462121038732,
        "2": 40.0,
        "3": 20.0,
        "4": 0.0,
        "5": 0.0
    },
    "gnode_supply_flows": {
        "1": 0.0,
        "2": 0.0,
        "3": 0.0,
        "4": 0.0,
        "5": 0.0
    },
    "nodal_pressure": {
        "1": 4000000.0,
        "2": 3440803.8926401776,
        "3": 3000000.2623861628,
        "4": 4247554.275139965,
        "5": 4924507.252004075,
        "6": 4599354.8553342745
    },
    "non_slack_node_flows": {
        "2": 13.102462121038732,
        "3": 46.18,
        "4": 25.68,
        "5": 8.64,
        "6": 7.88
    },
    "pipe_flow_in": {
        "1": 92.8424886855829,
        "2": 35.10492847042651,
        "3": 36.75509809411767,
        "4": -11.075057224942784
    },
    "pipe_flow_out": {
        "1": 92.8424886855829,
        "2": 35.10492847042651,
        "3": 36.75509809411767,
        "4": -11.075057224942784
    },
    "pipe_pressure_in": {
        "1": 4924507.252004075,
        "2": 3440803.8926401776,
        "3": 4599354.8553342745,
        "4": 3000000.2623861628
    },
    "pipe_pressure_out": {
        "1": 3440803.8926401776,
        "2": 3000000.2623861628,
        "3": 4247554.275139965,
        "4": 4247554.275139965
    },
    "slack_node_flows": {
        "1": 101.4824886855829
    },
    "units (SI=0, standard=1)": 0
}
