{
    "comp_discharge_pressure": {
        "1": 4971771.287028289,
        "2": 4252383.758113493
    },
    "comp_flow_in": {
        "1": 96.892521856579,
        "2": 35.98809628285631
    },
    "comp_flow_out": {
        "1": 96.892521856579,
        "2": 35.98809628285631
    },
    "comp_inlet_pressure": {
        "1": 4000000.0,
        "2": 3346695.8131671967
    },
    "comp_power": {
        "1": 2999999.039480461,
        "2": 1230960.4926606258
    },
    "comp_ratio": {
        "1": 1.242956035921554,
        "2": 1.270622345570183
    },
    "gnode_demand_flows": {
        "1": 30.0,
        "2": 40.0,
        "3": 20.0,
        "4": 0.0,
        "5": 6.89243856822316
    },
    "gnode_supply_flows": {
        "1": 0.0,
        "2": 0.0,
        "3": 0.0,
        "4": 0.0,
        "5": 0.0
    },
    "nodal_pressure": {
        "1": 4000000.0,
        "2": 3346695.8131671967,
        "3": 3000000.3792485837,
        "4": 3885735.238396448,
        "5": 4971771.287028289,
        "6": 4252383.758113493
    },
    "non_slack_node_flows": {
        "2": 30.0,
        "3": 40.0,
        "4": 26.89243856822316,
        "5": 0.0,
        "6": 0.0
    },
    "pipe_flow_in": {
        "1": 96.89252185657898,
        "2": 30.904415290042717,
        "3": 35.988096282856304,
        "4": -9.09558184765678
    },
    "pipe_flow_out": {
        "1": 96.89252185657898,
        "2": 30.904415290042717,
        "3": 35.988096282856304,
        "4": -9.09558184765678
    },
    "pipe_pressure_in": {
        "1": 4971771.287028289,
        "2": 3346695.8131671967,
        "3": 4252383.758113493,
        "4": 3000000.3792485837
    },
    "pipe_pressure_out": {
        "1": 3346695.8131671967,
        "2": 3000000.3792485837,
        "3": 3885735.238396448,
        "4": 3885735.238396448
    },
    "slack_node_flows": {
        "1": 96.892521856579
    },
    "units (SI=0, standard=1)": 0
}
