{
    "comp_discharge_pressure": {
        "1": 4972150.349658165,
        "2": 4568278.2173629925
    },
    "comp_flow_in": {
        "1": 96.85739452694715,
        "2": 37.846681427096854
    },
    "comp_flow_out": {
        "1": 96.85739452694715,
        "2": 37.846681427096854
    },
    "comp_inlet_pressure": {
        "1": 4000000.0,
        "2": 3390311.4458301095
    },
    "comp_power": {
        "1": 2999995.5443541952,
        "2": 1625559.676683522
    },
    "comp_ratio": {
        "1": 1.2430507909852966,
        "2": 1.3474419335992103
    },
    "gnode_demand_flows": {
        "1": 21.177230047577552,
        "2": 39.99999170836367,
        "3": 20.0,
        "4": 0.0,
        "5": 0.0001558731500122998
    },
    "gnode_supply_flows": {
        "1": 0.0,
        "2": 0.0,
        "3": 0.0,
        "4": 0.0,
        "5": 0.0
    },
    "nodal_pressure": {
        "1": 4000000.0,
        "2": 3390311.4458301095,
        "3": 3000001.5895078615,
        "4": 4200038.326199527,
        "5": 4972150.349658165,
        "6": 4568278.2173629925
    },
    "non_slack_node_flows": {
        "2": 25.097230047577554,
        "3": 43.72999170836368,
        "4": 26.610155873150013,
        "5": 1.01,
        "6": 0.41
    },
    "pipe_flow_in": {
        "1": 95.84739452694716,
        "2": 32.903483052272755,
        "3": 37.43668142709684,
        "4": -10.826467407119825
    },
    "pipe_flow_out": {
        "1": 95.84739452694716,
        "2": 32.903483052272755,
        "3": 37.43668142709684,
        "4": -10.826467407119825
    },
    "pipe_pressure_in": {
        "1": 4972150.349658165,
        "2": 3390311.4458301095,
        "3": 4568278.2173629925,
        "4": 3000001.5895078615
    },
    "pipe_pressure_out": {
        "1": 3390311.4458301095,
        "2": 3000001.5895078615,
        "3": 4200038.326199527,
        "4": 4200038.326199527
    },
    "slack_node_flows": {
        "1": 96.85739452694715
    },
    "units (SI=0, standard=1)": 0
}
