{
    "comp_discharge_pressure": {
        "1": 5999928.464901265,
        "2": 5999986.203627825
    },
    "comp_flow_in": {
        "1": 123.68065286470136,
        "2": 47.22075884241018
    },
    "comp_flow_out": {
        "1": 123.68065286470136,
        "2": 47.22075884241018
    },
    "comp_inlet_pressure": {
        "1": 4000000.0,
        "2": 3738037.2907377556
    },
    "comp_power": {
        "1": 7336299.884605235,
        "2": 3301323.6754159774
    },
    "comp_ratio": {
        "1": 1.499999957569166,
        "2": 1.605119513759628
    },
    "gnode_demand_flows": {
        "1": 30.0,
        "2": 40.0,
        "3": 20.0,
        "4": 23.680356267717325,
        "5": 10.0
    },
    "gnode_supply_flows": {
        "1": 0.0,
        "2": 0.0,
        "3": 0.0,
        "4": 0.0,
        "5": 0.0
    },
    "nodal_pressure": {
        "1": 4000000.0,
        "2": 3738037.2907377556,
        "3": 3000000.467344144,
        "4": 5555419.301347028,
        "5": 5999928.464901265,
        "6": 5999986.203627825
    },
    "non_slack_node_flows": {
        "2": 30.0,
        "3": 63.680356267717315,
        "4": 30.0,
        "5": 0.0,
        "6": 0.0
    },
    "pipe_flow_in": {
        "1": 123.68065286470136,
        "2": 46.4598217480137,
        "3": 47.220758842410184,
        "4": -17.22060961596104
    },
    "pipe_flow_out": {
        "1": 123.68065286470136,
        "2": 46.4598217480137,
        "3": 47.220758842410184,
        "4": -17.22060961596104
    },
    "pipe_pressure_in": {
        "1": 5999928.464901265,
        "2": 3738037.2907377556,
        "3": 5999986.203627825,
        "4": 3000000.467344144
    },
    "pipe_pressure_out": {
        "1": 3738037.2907377556,
        "2": 3000000.467344144,
        "3": 5555419.301347028,
        "4": 5555419.301347028
    },
    "slack_node_flows": {
        "1": 123.68065286470136
    },
    "units (SI=0, standard=1)": 0
}
