{
    "comp_discharge_pressure": {
        "1": 4955537.476497069,
        "2": 4643120.947086469
    },
    "comp_flow_in": {
        "1": 98.41795611191563,
        "2": 40.7717771694736
    },
    "comp_flow_out": {
        "1": 98.41795611191563,
        "2": 40.7717771694736
    },
    "comp_inlet_pressure": {
        "1": 4000000.0,
        "2": 3440181.215426314
    },
    "comp_power": {
        "1": 2999996.5839558016,
        "2": 1761303.6456557417
    },
    "comp_ratio": {
        "1": 1.2388980472922644,
        "2": 1.349666424130512
    },
    "gnode_demand_flows": {
        "1": 14.987829894995004,
        "2": 40.0,
        "3": 20.0,
        "4": 0.0,
        "5": 0.0001069200734532878
    },
    "gnode_supply_flows": {
        "1": 0.0,
        "2": 0.0,
        "3": 0.0,
        "4": 0.0,
        "5": 0.0
    },
    "nodal_pressure": {
        "1": 4000000.0,
        "2": 3440181.215426314,
        "3": 3000001.0692084166,
        "4": 4316660.106424737,
        "5": 4955537.476497069,
        "6": 4643120.947086469
    },
    "non_slack_node_flows": {
        "2": 18.147829894995006,
        "3": 46.51,
        "4": 24.200106920073456,
        "5": 4.42,
        "6": 5.14
    },
    "pipe_flow_in": {
        "1": 93.99795611191563,
        "2": 35.078349047447034,
        "3": 35.631777169473594,
        "4": -11.43160502941874
    },
    "pipe_flow_out": {
        "1": 93.99795611191563,
        "2": 35.078349047447034,
        "3": 35.631777169473594,
        "4": -11.43160502941874
    },
    "pipe_pressure_in": {
        "1": 4955537.476497069,
        "2": 3440181.215426314,
        "3": 4643120.947086469,
        "4": 3000001.0692084166
    },
    "pipe_pressure_out": {
        "1": 3440181.215426314,
        "2": 3000001.0692084166,
        "3": 4316660.106424737,
        "4": 4316660.106424737
    },
    "slack_node_flows": {
        "1": 98.41795611191563
    },
    "units (SI=0, standard=1)": 0
}
