{
    "comp_discharge_pressure": {
        "1": 4931009.648537519,
        "2": 4711341.8182657035
    },
    "comp_flow_in": {
        "1": 100.82349256293192,
        "2": 41.42131809507125
    },
    "comp_flow_out": {
        "1": 100.82349256293192,
        "2": 41.42131809507125
    },
    "comp_inlet_pressure": {
        "1": 4000000.0,
        "2": 3489904.862332133
    },
    "comp_power": {
        "1": 2999998.6548915724,
        "2": 1790876.1950702986
    },
    "comp_ratio": {
        "1": 1.2327668385274866,
        "2": 1.3499943990889431
    },
    "gnode_demand_flows": {
        "1": 4.083222462111753,
        "2": 40.0,
        "3": 20.0,
        "4": 0.0,
        "5": 0.0002269800239291158
    },
    "gnode_supply_flows": {
        "1": 0.0,
        "2": 0.0,
        "3": 0.0,
        "4": 0.0,
        "5": 0.0
    },
    "nodal_pressure": {
        "1": 4000000.0,
        "2": 3489904.862332133,
        "3": 3000000.681877162,
        "4": 4367669.530045327,
        "5": 4931009.648537519,
        "6": 4711341.8182657035
    },
    "non_slack_node_flows": {
        "2": 13.233222462111753,
        "3": 48.84,
        "4": 25.110226980023928,
        "5": 9.02,
        "6": 4.62
    },
    "pipe_flow_in": {
        "1": 91.80349256293191,
        "2": 37.148952005748896,
        "3": 36.801318095071245,
        "4": -11.691019425998995
    },
    "pipe_flow_out": {
        "1": 91.80349256293191,
        "2": 37.148952005748896,
        "3": 36.801318095071245,
        "4": -11.691019425998995
    },
    "pipe_pressure_in": {
        "1": 4931009.648537519,
        "2": 3489904.862332133,
        "3": 4711341.8182657035,
        "4": 3000000.681877162
    },
    "pipe_pressure_out": {
        "1": 3489904.862332133,
        "2": 3000000.681877162,
        "3": 4367669.530045327,
        "4": 4367669.530045327
    },
    "slack_node_flows": {
        "1": 100.8234925629319
    },
    "units (SI=0, standard=1)": 0
}
