{
    "comp_discharge_pressure": {
        "1": 4962345.539136054,
        "2": 4686739.476354817
    },
    "comp_flow_in": {
        "1": 97.77115301486785,
        "2": 41.201404095974226
    },
    "comp_flow_out": {
        "1": 97.77115301486785,
        "2": 41.201404095974226
    },
    "comp_inlet_pressure": {
        "1": 4000000.0,
        "2": 3471689.934583488
    },
    "comp_power": {
        "1": 2999972.1540577947,
        "2": 1781348.572828725
    },
    "comp_ratio": {
        "1": 1.2405998652458636,
        "2": 1.34999014794229
    },
    "gnode_demand_flows": {
        "1": 9.789619495689179,
        "2": 39.99885035339331,
        "3": 19.99987145191019,
        "4": 0.00024682665813407855,
        "5": 0.002564887217049501
    },
    "gnode_supply_flows": {
        "1": 0.0,
        "2": 0.0,
        "3": 0.0,
        "4": 0.0,
        "5": 0.0
    },
    "nodal_pressure": {
        "1": 4000000.0,
        "2": 3471689.934583488,
        "3": 3000014.6406531986,
        "4": 4304539.433879783,
        "5": 4962345.539136054,
        "6": 4686739.476354817
    },
    "non_slack_node_flows": {
        "2": 15.839619495689181,
        "3": 47.76909718005144,
        "4": 27.25243633912724,
        "5": 4.33,
        "6": 2.58
    },
    "pipe_flow_in": {
        "1": 93.44115301486785,
        "2": 36.40012942320445,
        "3": 38.62140409597423,
        "4": -11.368967756846986
    },
    "pipe_flow_out": {
        "1": 93.44115301486785,
        "2": 36.40012942320445,
        "3": 38.62140409597423,
        "4": -11.368967756846986
    },
    "pipe_pressure_in": {
        "1": 4962345.539136054,
        "2": 3471689.934583488,
        "3": 4686739.476354817,
        "4": 3000014.6406531986
    },
    "pipe_pressure_out": {
        "1": 3471689.934583488,
        "2": 3000014.6406531986,
        "3": 4304539.433879783,
        "4": 4304539.433879783
    },
    "slack_node_flows": {
        "1": 97.77115301486785
    },
    "units (SI=0, standard=1)": 0
}
