{
    "comp_discharge_pressure": {
        "1": 4987239.9990095785,
        "2": 4741161.340687682
    },
    "comp_flow_in": {
        "1": 95.48541037448221,
        "2": 39.71819823951757
    },
    "comp_flow_out": {
        "1": 95.48541037448221,
        "2": 39.71819823951757
    },
    "comp_inlet_pressure": {
        "1": 4000000.0,
        "2": 3511998.4381756224
    },
    "comp_power": {
        "1": 2999998.7734708646,
        "2": 1717231.2315887543
    },
    "comp_ratio": {
        "1": 1.246822793100653,
        "2": 1.3499922449608515
    },
    "gnode_demand_flows": {
        "1": 11.365241807673268,
        "2": 40.0,
        "3": 20.0,
        "4": 0.0,
        "5": 0.00013906552797015903
    },
    "gnode_supply_flows": {
        "1": 0.0,
        "2": 0.0,
        "3": 0.0,
        "4": 0.0,
        "5": 0.0
    },
    "nodal_pressure": {
        "1": 4000000.0,
        "2": 3511998.4381756224,
        "3": 3000000.676241615,
        "4": 4384861.598354454,
        "5": 4987239.9990095785,
        "6": 4741161.340687682
    },
    "non_slack_node_flows": {
        "2": 15.55524180767327,
        "3": 49.82,
        "4": 25.79013906552797,
        "5": 2.17,
        "6": 2.15
    },
    "pipe_flow_in": {
        "1": 93.31541037448221,
        "2": 38.04197032729137,
        "3": 37.56819823951758,
        "4": -11.777987770386014
    },
    "pipe_flow_out": {
        "1": 93.31541037448221,
        "2": 38.04197032729137,
        "3": 37.56819823951758,
        "4": -11.777987770386014
    },
    "pipe_pressure_in": {
        "1": 4987239.9990095785,
        "2": 3511998.4381756224,
        "3": 4741161.340687682,
        "4": 3000000.676241615
    },
    "pipe_pressure_out": {
        "1": 3511998.4381756224,
        "2": 3000000.676241615,
        "3": 4384861.598354454,
        "4": 4384861.598354454
    },
    "slack_node_flows": {
        "1": 95.48541037448221
    },
    "units (SI=0, standard=1)": 0
}
