{
    "comp_discharge_pressure": {
        "1": 4960376.815970153,
        "2": 4374933.239712686
    },
    "comp_flow_in": {
        "1": 97.95787367223744,
        "2": 46.18941025774343
    },
    "comp_flow_out": {
        "1": 97.95787367223744,
        "2": 46.18941025774343
    },
    "comp_inlet_pressure": {
        "1": 4000000.0,
        "2": 3446364.667867653
    },
    "comp_power": {
        "1": 2999998.2176259775,
        "2": 1573513.6255431531
    },
    "comp_ratio": {
        "1": 1.2401077413609065,
        "2": 1.2694350443857674
    },
    "gnode_demand_flows": {
        "1": 12.357789971355894,
        "2": 40.0,
        "3": 20.0,
        "4": 0.0,
        "5": 4.328270884479374e-05
    },
    "gnode_supply_flows": {
        "1": 0.0,
        "2": 0.0,
        "3": 0.0,
        "4": 0.0,
        "5": 0.0
    },
    "nodal_pressure": {
        "1": 4000000.0,
        "2": 3446364.667867653,
        "3": 3000000.6746829622,
        "4": 3990118.6676999726,
        "5": 4960376.815970153,
        "6": 4374933.239712686
    },
    "non_slack_node_flows": {
        "2": 12.487789971355895,
        "3": 45.029999999999994,
        "4": 27.690043282708842,
        "5": 3.94,
        "6": 8.81
    },
    "pipe_flow_in": {
        "1": 94.01787367223744,
        "2": 35.340673443138115,
        "3": 37.37941025774343,
        "4": -9.689296189014373
    },
    "pipe_flow_out": {
        "1": 94.01787367223744,
        "2": 35.340673443138115,
        "3": 37.37941025774343,
        "4": -9.689296189014373
    },
    "pipe_pressure_in": {
        "1": 4960376.815970153,
        "2": 3446364.667867653,
        "3": 4374933.239712686,
        "4": 3000000.6746829622
    },
    "pipe_pressure_out": {
        "1": 3446364.667867653,
        "2": 3000000.6746829622,
        "3": 3990118.6676999726,
        "4": 3990118.6676999726
    },
    "slack_node_flows": {
        "1": 97.95787367223744
    },
    "units (SI=0, standard=1)": 0
}
