{
    "comp_discharge_pressure": {
        "1": 4952692.095531564,
        "2": 4318389.695850419
    },
    "comp_flow_in": {
        "1": 98.69074880058386,
        "2": 37.80820169414948
    },
    "comp_flow_out": {
        "1": 98.69074880058386,
        "2": 37.80820169414948
    },
    "comp_inlet_pressure": {
        "1": 4000000.0,
        "2": 3341339.4335616664
    },
    "comp_power": {
        "1": 2999998.790092747,
        "2": 1388436.360293559
    },
    "comp_ratio": {
        "1": 1.2381867858892814,
        "2": 1.292412369633003
    },
    "gnode_demand_flows": {
        "1": 24.22069056641952,
        "2": 40.0,
        "3": 20.0,
        "4": 0.0,
        "5": 0.0
    },
    "gnode_supply_flows": {
        "1": 0.0,
        "2": 0.0,
        "3": 0.0,
        "4": 0.0,
        "5": 0.0
    },
    "nodal_pressure": {
        "1": 4000000.0,
        "2": 3341339.4335616664,
        "3": 3000000.42293225,
        "4": 4016876.7531475388,
        "5": 4952692.095531564,
        "6": 4318389.695850419
    },
    "non_slack_node_flows": {
        "2": 27.88069056641952,
        "3": 40.489999999999995,
        "4": 23.189999999999998,
        "5": 2.35,
        "6": 4.78
    },
    "pipe_flow_in": {
        "1": 96.34074880058388,
        "2": 30.651856540014865,
        "3": 33.02820169414949,
        "4": -9.838129595353209
    },
    "pipe_flow_out": {
        "1": 96.34074880058388,
        "2": 30.651856540014865,
        "3": 33.02820169414949,
        "4": -9.838129595353209
    },
    "pipe_pressure_in": {
        "1": 4952692.095531564,
        "2": 3341339.4335616664,
        "3": 4318389.695850419,
        "4": 3000000.42293225
    },
    "pipe_pressure_out": {
        "1": 3341339.4335616664,
        "2": 3000000.42293225,
        "3": 4016876.7531475388,
        "4": 4016876.7531475388
    },
    "slack_node_flows": {
        "1": 98.69074880058386
    },
    "units (SI=0, standard=1)": 0
}
