{
    "comp_discharge_pressure": {
        "1": 4975450.476449293,
        "2": 4089668.1311989757
    },
    "comp_flow_in": {
        "1": 96.55384541451258,
        "2": 34.74324119599379
    },
    "comp_flow_out": {
        "1": 96.55384541451258,
        "2": 34.74324119599379
    },
    "comp_inlet_pressure": {
        "1": 4000000.0,
        "2": 3366200.3384544775
    },
    "comp_power": {
        "1": 2999999.9511236385,
        "2": 959736.3890735283
    },
    "comp_ratio": {
        "1": 1.2438757313596869,
        "2": 1.2149236469177271
    },
    "gnode_demand_flows": {
        "1": 30.0,
        "2": 40.0,
        "3": 20.0,
        "4": 0.0,
        "5": 6.553726343565309
    },
    "gnode_supply_flows": {
        "1": 0.0,
        "2": 0.0,
        "3": 0.0,
        "4": 0.0,
        "5": 0.0
    },
    "nodal_pressure": {
        "1": 4000000.0,
        "2": 3366200.3384544775,
        "3": 3000000.1943138954,
        "4": 3734221.5748458537,
        "5": 4975450.476449293,
        "6": 4089668.1311989757
    },
    "non_slack_node_flows": {
        "2": 30.0,
        "3": 40.0,
        "4": 26.55372634356531,
        "5": 0.0,
        "6": 0.0
    },
    "pipe_flow_in": {
        "1": 96.55384541451258,
        "2": 31.810552777417055,
        "3": 34.74324119599379,
        "4": -8.189436889344247
    },
    "pipe_flow_out": {
        "1": 96.55384541451258,
        "2": 31.810552777417055,
        "3": 34.74324119599379,
        "4": -8.189436889344247
    },
    "pipe_pressure_in": {
        "1": 4975450.476449293,
        "2": 3366200.3384544775,
        "3": 4089668.1311989757,
        "4": 3000000.1943138954
    },
    "pipe_pressure_out": {
        "1": 3366200.3384544775,
        "2": 3000000.1943138954,
        "3": 3734221.5748458537,
        "4": 3734221.5748458537
    },
    "slack_node_flows": {
        "1": 96.55384541451258
    },
    "units (SI=0, standard=1)": 0
}
