{
  "comp_discharge_pressure": {
    "1": 4975450.476446312,
    "2": 4089668.1313248225
  },
  "comp_flow_in": {
    "1": 96.55384541478591,
    "2": 34.743241196986986
  },
  "comp_flow_out": {
    "1": 96.55384541478591,
    "2": 34.743241196986986
  },
  "comp_inlet_pressure": {
    "1": 4000000.0,
    "2": 3366200.3384387847
  },
  "comp_power": {
    "1": 2999999.951123641,
    "2": 959736.3892805511
  },
  "comp_ratio": {
    "1": 1.243875731358942,
    "2": 1.2149236469607767
  },
  "gnode_demand_flows": {
    "1": 30.0,
    "2": 40.0,
    "3": 20.0,
    "4": 0.0,
    "5": 6.553726343837739
  },
  "gnode_supply_flows": {
    "1": 0.0,
    "2": 0.0,
    "3": 0.0,
    "4": 0.0,
    "5": 0.0
  },
  "nodal_pressure": {
    "1": 4000000.0,
    "2": 3366200.3384387847,
    "3": 3000000.194313897,
    "4": 3734221.5749623924,
    "5": 4975450.476446312,
    "6": 4089668.1313248225
  },
  "non_slack_node_flows": {
    "2": 30.0,
    "3": 40.0,
    "4": 26.553726343837738,
    "5": 0.0,
    "6": 0.0
  },
  "pipe_flow_in": {
    "1": 96.55384541478591,
    "2": 31.810552776696174,
    "3": 34.743241196986986,
    "4": -8.189436890065044
  },
  "pipe_flow_out": {
    "1": 96.55384541478591,
    "2": 31.810552776696174,
    "3": 34.743241196986986,
    "4": -8.189436890065044
  },
  "pipe_pressure_in": {
    "1": 4975450.476446312,
    "2": 3366200.3384387847,
    "3": 4089668.1313248225,
    "4": 3000000.194313897
  },
  "pipe_pressure_out": {
    "1": 3366200.3384387847,
    "2": 3000000.194313897,
    "3": 3734221.5749623924,
    "4": 3734221.5749623924
  },
  "slack_node_flows": {
    "1": 96.55384541478591
  },
  "units (SI=0, standard=1)": 0
}
